"HALTESTELLEN_ID";"TYP";"DIVA";"NAME";"GEMEINDE";"GEMEINDE_ID";"WGS84_LAT";"WGS84_LON";"STAND"
214460106;"stop";60200001;"Absberggasse";"Wien";90000;48.1738001480236;16.3898043925363;""
214460122;"stop";60200017;"Alberner Hafenzufahrtsstraﬂe";"Wien";90000;48.1720950446652;16.4724758507966;""
214460135;"stop";60200030;"Triester Str./Altdorferstraﬂe";"Wien";90000;48.1687307099108;16.349399557923;""