"STEIG_ID";"FK_LINIEN_ID";"FK_HALTESTELLEN_ID";"RICHTUNG";"REIHENFOLGE";"RBL_NUMMER";"BEREICH";"STEIG";"STEIG_WGS84_LAT";"STEIG_WGS84_LON";"STAND"
214689583;214433687;214461177;"H";1;"4101";1;"U1-H";48.1748752577222;16.3779867315022;""
214689631;214433687;214460732;"R";6;"4102";1;"U1-R";48.2431816197346;16.4329066285714;""
218865019;215096434;214460825;"R";4;"8061";0;"97A-R";48.240444516333;16.499354298603;""